0,0,0,1,0,0,0.5,0
0.1053159,2.664792e-09,0.4733681,1,0.001,0.001,0.5,0
0.2106317,5.329583e-09,0.9467362,1,0.002,0.002,0.5,0
0.3159476,7.994375e-09,1.420104,1,0.003,0.003,0.5,0
0.4212635,1.065917e-08,1.893472,1,0.004,0.004,0.5,0
0.5265793,1.332396e-08,2.36684,1,0.005,0.005,0.5,0
0.6318952,1.598875e-08,2.840208,1,0.006,0.006,0.5,0
0.777764,1.967965e-08,3.475526,1,0.007,0.007,0.5,0
1.0236,2.59e-08,4.510067,1,0.008,0.008,0.5,0
1.269436,3.212036e-08,5.544608,1,0.009,0.009,0.5,0
1.515273,3.834071e-08,6.579149,1,0.01,0.01,0.5,0
1.761109,4.456107e-08,7.61369,1,0.011,0.011,0.5,0
2.006945,5.078143e-08,8.648231,1,0.012,0.012,0.5,0
2.252781,5.700179e-08,9.682773,1,0.013,0.013,0.5,0
2.606321,6.594735e-08,11.03622,1,0.014,0.014,0.5,0
3.038759,7.688926e-08,12.62328,1,0.015,0.015,0.5,0
3.471198,8.78312e-08,14.21034,1,0.016,0.016,0.5,0
3.903636,9.877312e-08,15.7974,1,0.017,0.017,0.5,0
4.336074,1.09715e-07,17.38446,1,0.018,0.018,0.5,0
4.768512,1.20657e-07,18.97152,1,0.019,0.019,0.5,0
5.200951,1.315989e-07,20.55858,1,0.02,0.02,0.5,0
6.019313,1.523058e-07,23.25657,1,0.021,0.021,0.5,0
6.897509,1.745266e-07,26.12681,1,0.022,0.022,0.5,0
7.775705,1.967475e-07,28.99704,1,0.023,0.023,0.5,0
8.6539,2.189683e-07,31.86727,1,0.024,0.024,0.5,0
9.532096,2.411892e-07,34.7375,1,0.025,0.025,0.5,0
10.41029,2.6341e-07,37.60773,1,0.026,0.026,0.5,0
11.41764,2.888988e-07,40.80945,1,0.027,0.027,0.5,0
13.13251,3.3229e-07,45.82709,1,0.028,0.028,0.5,0
14.84738,3.756811e-07,50.84473,1,0.029,0.029,0.5,0
16.56226,4.190723e-07,55.86238,1,0.03,0.03,0.5,0
18.27713,4.624635e-07,60.88003,1,0.031,0.031,0.5,0
19.99201,5.058548e-07,65.89768,1,0.032,0.032,0.5,0
21.70688,5.492459e-07,70.91532,1,0.033,0.033,0.5,0
24.08557,6.094336e-07,77.42917,1,0.034,0.034,0.5,0
27.29906,6.907439e-07,85.82455,1,0.035,0.035,0.5,0
30.51254,7.720542e-07,94.21993,1,0.036,0.036,0.5,0
33.72603,8.533648e-07,102.6153,1,0.037,0.037,0.5,0
36.93952,9.346751e-07,111.0107,1,0.038,0.038,0.5,0
40.15301,1.015986e-06,119.4061,1,0.039,0.039,0.5,0
43.3665,1.097296e-06,127.8015,1,0.04,0.04,0.5,0
48.46323,1.226258e-06,139.8974,1,0.041,0.041,0.5,0
54.25103,1.372706e-06,153.3511,1,0.042,0.042,0.5,0
60.03886,1.519154e-06,166.8049,1,0.043,0.043,0.5,0
65.82667,1.665602e-06,180.2586,1,0.044,0.044,0.5,0
71.6145,1.812051e-06,193.7124,1,0.045,0.045,0.5,0
77.4023,1.958499e-06,207.1662,1,0.046,0.046,0.5,0
83.27567,2.107112e-06,220.7654,1,0.047,0.047,0.5,0
93.31334,2.361093e-06,241.4468,1,0.048,0.048,0.5,0
103.351,2.615074e-06,262.128,1,0.049,0.049,0.5,0
113.3887,2.869056e-06,282.8094,1,0.05,0.05,0.5,0
123.4263,3.123037e-06,303.4906,1,0.051,0.051,0.5,0
133.464,3.377019e-06,324.172,1,0.052,0.052,0.5,0
143.5016,3.630999e-06,344.8532,1,0.053,0.053,0.5,0
155.6245,3.937744e-06,368.5795,1,0.054,0.054,0.5,0
172.4165,4.362629e-06,399.1235,1,0.055,0.055,0.5,0
189.2085,4.787515e-06,429.6677,1,0.056,0.056,0.5,0
206.0005,5.2124e-06,460.2117,1,0.057,0.057,0.5,0
222.7925,5.637285e-06,490.7558,1,0.058,0.058,0.5,0
239.5845,6.062172e-06,521.3,1,0.059,0.059,0.5,0
256.3765,6.487056e-06,551.844,1,0.06,0.06,0.5,0
279.3522,7.068406e-06,590.0714,1,0.061,0.061,0.5,0
306.4965,7.755234e-06,633.4784,1,0.062,0.062,0.5,0
333.6409,8.442065e-06,676.8855,1,0.063,0.063,0.5,0
360.7853,9.128895e-06,720.2927,1,0.064,0.064,0.5,0
387.9295,9.815721e-06,763.6995,1,0.065,0.065,0.5,0
415.0739,1.050255e-05,807.1066,1,0.066,0.066,0.5,0
442.2182,1.118938e-05,850.5137,1,0.067,0.067,0.5,0
482.9411,1.221979e-05,908.13,1,0.068,0.068,0.5,0
525.4123,1.329443e-05,967.5759,1,0.069,0.069,0.5,0
567.8838,1.436908e-05,1027.022,1,0.07,0.07,0.5,0
610.3554,1.544373e-05,1086.468,1,0.071,0.071,0.5,0
652.8266,1.651837e-05,1145.914,1,0.072,0.072,0.5,0
695.2981,1.759302e-05,1205.36,1,0.073,0.073,0.5,0
741.6011,1.876462e-05,1268.144,1,0.074,0.074,0.5,0
806.0292,2.039484e-05,1346.712,1,0.075,0.075,0.5,0
870.4569,2.202504e-05,1425.281,1,0.076,0.076,0.5,0
934.8851,2.365526e-05,1503.849,1,0.077,0.077,0.5,0
999.3133,2.528547e-05,1582.418,1,0.078,0.078,0.5,0
1063.741,2.691569e-05,1660.987,1,0.079,0.079,0.5,0
1128.169,2.854589e-05,1739.555,1,0.08,0.08,0.5,0
1206.714,3.05333e-05,1828.215,1,0.081,0.081,0.5,0
1301.625,3.293483e-05,1928.574,1,0.082,0.082,0.5,0
1396.536,3.533634e-05,2028.932,1,0.083,0.083,0.5,0
1491.447,3.773787e-05,2129.291,1,0.084,0.084,0.5,0
1586.359,4.01394e-05,2229.649,1,0.085,0.085,0.5,0
1681.27,4.254093e-05,2330.008,1,0.086,0.086,0.5,0
1776.181,4.494244e-05,2430.366,1,0.087,0.087,0.5,0
1901.973,4.812533e-05,2548.544,1,0.088,0.088,0.5,0
2037.967,5.156636e-05,2672.608,1,0.089,0.089,0.5,0
2173.96,5.500739e-05,2796.672,1,0.09,0.09,0.5,0
2309.953,5.844839e-05,2920.735,1,0.091,0.091,0.5,0
2445.946,6.188941e-05,3044.799,1,0.092,0.092,0.5,0
2581.94,6.533044e-05,3168.863,1,0.093,0.093,0.5,0
2720.1,6.882628e-05,3293.916,1,0.094,0.094,0.5,0
2909.926,7.362943e-05,3442.549,1,0.095,0.095,0.5,0
3099.752,7.843257e-05,3591.183,1,0.096,0.096,0.5,0
3289.579,8.323571e-05,3739.816,1,0.097,0.097,0.5,0
3479.403,8.803882e-05,3888.449,1,0.098,0.098,0.5,0
3669.23,9.284197e-05,4037.082,1,0.099,0.099,0.5,0
3859.056,9.764511e-05,4185.716,1,0.1,0.1,0.5,0
4071.474,0.0001030199,4342.298,1,0.101,0.101,0.5,0
4329.996,0.0001095612,4515.101,1,0.102,0.102,0.5,0
4588.521,0.0001161026,4687.906,1,0.103,0.103,0.5,0
4847.045,0.000122644,4860.71,1,0.104,0.104,0.5,0
5105.567,0.0001291854,5033.513,1,0.105,0.105,0.5,0
5364.091,0.0001357268,5206.317,1,0.106,0.106,0.5,0
5622.615,0.0001422682,5379.121,1,0.107,0.107,0.5,0
5933.942,0.0001501457,5565.769,1,0.108,0.108,0.5,0
6277.982,0.0001588508,5760.992,1,0.109,0.109,0.5,0
6622.024,0.0001675561,5956.216,1,0.11,0.11,0.5,0
6966.066,0.0001762613,6151.441,1,0.111,0.111,0.5,0
7310.108,0.0001849666,6346.666,1,0.112,0.112,0.5,0
7654.147,0.0001936717,6541.889,1,0.113,0.113,0.5,0
7998.19,0.000202377,6737.113,1,0.114,0.114,0.5,0
8436.474,0.0002134668,6949.889,1,0.115,0.115,0.5,0
8884.528,0.0002248039,7164.484,1,0.116,0.116,0.5,0
9332.586,0.000236141,7379.081,1,0.117,0.117,0.5,0
9780.643,0.0002474781,7593.678,1,0.118,0.118,0.5,0
10228.7,0.0002588153,7808.274,1,0.119,0.119,0.5,0
10676.75,0.0002701523,8022.869,1,0.12,0.12,0.5,0
11148.91,0.0002820992,8240.427,1,0.121,0.121,0.5,0
11720.79,0.0002965693,8470.239,1,0.122,0.122,0.5,0
12292.66,0.0003110394,8700.051,1,0.123,0.123,0.5,0
12864.53,0.0003255093,8929.861,1,0.124,0.124,0.5,0
13436.41,0.0003399794,9159.673,1,0.125,0.125,0.5,0
14008.28,0.0003544495,9389.484,1,0.126,0.126,0.5,0
14580.16,0.0003689196,9619.296,1,0.127,0.127,0.5,0
15221.86,0.0003851563,9854.06,1,0.128,0.128,0.5,0
15938.21,0.0004032821,10094.12,1,0.129,0.129,0.5,0
16654.57,0.0004214081,10334.18,1,0.13,0.13,0.5,0
17370.94,0.0004395342,10574.23,1,0.131,0.131,0.5,0
18087.3,0.0004576602,10814.29,1,0.132,0.132,0.5,0
18803.66,0.0004757862,11054.35,1,0.133,0.133,0.5,0
19520.03,0.0004939123,11294.41,1,0.134,0.134,0.5,0
20364.17,0.0005152716,11538.2,1,0.135,0.135,0.5,0
21246.1,0.0005375869,11783.1,1,0.136,0.136,0.5,0
22128.02,0.0005599018,12027.98,1,0.137,0.137,0.5,0
23009.94,0.0005822171,12272.88,1,0.138,0.138,0.5,0
23891.87,0.0006045324,12517.77,1,0.139,0.139,0.5,0
24773.8,0.0006268477,12762.66,1,0.14,0.14,0.5,0
25667,0.0006494481,13007.51,1,0.141,0.141,0.5,0
26735.52,0.0006764848,13251.76,1,0.142,0.142,0.5,0
27804.04,0.0007035215,13496,1,0.143,0.143,0.5,0
28872.55,0.0007305578,13740.24,1,0.144,0.144,0.5,0
29941.08,0.0007575945,13984.49,1,0.145,0.145,0.5,0
31009.6,0.0007846312,14228.73,1,0.146,0.146,0.5,0
32078.12,0.0008116679,14472.97,1,0.147,0.147,0.5,0
33218.95,0.0008405342,14715.18,1,0.148,0.148,0.5,0
34494.66,0.0008728132,14953.58,1,0.149,0.149,0.5,0
35770.37,0.0009050923,15191.98,1,0.15,0.15,0.5,0
37046.06,0.0009373709,15430.37,1,0.151,0.151,0.5,0
38321.77,0.00096965,15668.77,1,0.152,0.152,0.5,0
39597.48,0.001001929,15907.17,1,0.153,0.153,0.5,0
40873.19,0.001034208,16145.57,1,0.154,0.154,0.5,0
42293.63,0.001070149,16377.29,1,0.155,0.155,0.5,0
43796.35,0.001108172,16605.22,1,0.156,0.156,0.5,0
45299.06,0.001146195,16833.14,1,0.157,0.157,0.5,0
46801.78,0.001184218,17061.07,1,0.158,0.158,0.5,0
48304.47,0.001222241,17289,1,0.159,0.159,0.5,0
49807.19,0.001260264,17516.92,1,0.16,0.16,0.5,0
51309.91,0.001298287,17744.85,1,0.161,0.161,0.5,0
53040.31,0.001342071,17959.51,1,0.162,0.162,0.5,0
54788.85,0.001386314,18173.12,1,0.163,0.163,0.5,0
56537.4,0.001430557,18386.72,1,0.164,0.164,0.5,0
58285.95,0.001474801,18600.33,1,0.165,0.165,0.5,0
60034.47,0.001519043,18813.93,1,0.166,0.166,0.5,0
61783.02,0.001563286,19027.53,1,0.167,0.167,0.5,0
63588.16,0.001608962,19237.42,1,0.168,0.168,0.5,0
65600.24,0.001659873,19433.73,1,0.169,0.169,0.5,0
67612.32,0.001710784,19630.04,1,0.17,0.17,0.5,0
69624.4,0.001761696,19826.35,1,0.171,0.171,0.5,0
71636.48,0.001812607,20022.67,1,0.172,0.172,0.5,0
73648.53,0.001863518,20218.97,1,0.173,0.173,0.5,0
75660.6,0.001914429,20415.29,1,0.174,0.174,0.5,0
77813.66,0.001968907,20601.85,1,0.175,0.175,0.5,0
80105.81,0.002026905,20778.81,1,0.176,0.176,0.5,0
82397.96,0.002084903,20955.77,1,0.177,0.177,0.5,0
84690.12,0.002142901,21132.72,1,0.178,0.178,0.5,0
86982.27,0.002200899,21309.68,1,0.179,0.179,0.5,0
89274.42,0.002258897,21486.64,1,0.18,0.18,0.5,0
91566.54,0.002316894,21663.59,1,0.181,0.181,0.5,0
94092.73,0.002380814,21824.27,1,0.182,0.182,0.5,0
96680.41,0.00244629,21980.67,1,0.183,0.183,0.5,0
99268.1,0.002511766,22137.08,1,0.184,0.184,0.5,0
101855.8,0.002577241,22293.48,1,0.185,0.185,0.5,0
104443.5,0.002642717,22449.89,1,0.186,0.186,0.5,0
107031.1,0.002708193,22606.29,1,0.187,0.187,0.5,0
109643.7,0.002774299,22761,1,0.188,0.188,0.5,0
112541.5,0.00284762,22896.43,1,0.189,0.189,0.5,0
115439.2,0.002920941,23031.85,1,0.19,0.19,0.5,0
118336.9,0.002994261,23167.27,1,0.191,0.191,0.5,0
121234.6,0.003067582,23302.7,1,0.192,0.192,0.5,0
124132.4,0.003140902,23438.12,1,0.193,0.193,0.5,0
127030.1,0.003214223,23573.55,1,0.194,0.194,0.5,0
130047.3,0.003290567,23701.31,1,0.195,0.195,0.5,0
133268.8,0.003372081,23815.98,1,0.196,0.196,0.5,0
136490.4,0.003453596,23930.64,1,0.197,0.197,0.5,0
139711.9,0.00353511,24045.31,1,0.198,0.198,0.5,0
142933.5,0.003616625,24159.98,1,0.199,0.199,0.5,0
146155,0.003698139,24274.64,1,0.2,0.2,0.5,0
149376.6,0.003779653,24389.31,1,0.201,0.201,0.5,0
152819.9,0.003866779,24490.81,1,0.202,0.202,0.5,0
156378.6,0.003956823,24585.46,1,0.203,0.203,0.5,0
159937.3,0.004046868,24680.1,1,0.204,0.204,0.5,0
163496,0.004136914,24774.75,1,0.205,0.205,0.5,0
167054.7,0.004226959,24869.4,1,0.206,0.206,0.5,0
170613.4,0.004317005,24964.05,1,0.207,0.207,0.5,0
174172.1,0.00440705,25058.69,1,0.208,0.208,0.5,0
178062.3,0.004505484,25135.45,1,0.209,0.209,0.5,0
181971.3,0.004604393,25211.2,1,0.21,0.21,0.5,0
185880.4,0.004703303,25286.95,1,0.211,0.211,0.5,0
189789.4,0.004802214,25362.69,1,0.212,0.212,0.5,0
193698.5,0.004901124,25438.44,1,0.213,0.213,0.5,0
197607.5,0.005000034,25514.19,1,0.214,0.214,0.5,0
201602,0.005101106,25585.82,1,0.215,0.215,0.5,0
205874.8,0.00520922,25644.05,1,0.216,0.216,0.5,0
210147.5,0.005317332,25702.28,1,0.217,0.217,0.5,0
214420.3,0.005425445,25760.51,1,0.218,0.218,0.5,0
218693.1,0.005533559,25818.74,1,0.219,0.219,0.5,0
222965.9,0.005641672,25876.97,1,0.22,0.22,0.5,0
227238.7,0.005749786,25935.2,1,0.221,0.221,0.5,0
231709.1,0.005862901,25985.06,1,0.222,0.222,0.5,0
236359.6,0.00598057,26027.32,1,0.223,0.223,0.5,0
241010,0.006098239,26069.57,1,0.224,0.224,0.5,0
245660.3,0.006215907,26111.83,1,0.225,0.225,0.5,0
250310.8,0.006333576,26154.08,1,0.226,0.226,0.5,0
254961.2,0.006451245,26196.34,1,0.227,0.227,0.5,0
259611.6,0.006568914,26238.59,1,0.228,0.228,0.5,0
264580.8,0.006694647,26269.19,1,0.229,0.229,0.5,0
269623.7,0.006822247,26297.08,1,0.23,0.23,0.5,0
274666.6,0.006949847,26324.98,1,0.231,0.231,0.5,0
279709.4,0.007077445,26352.88,1,0.232,0.232,0.5,0
284752.3,0.007205044,26380.77,1,0.233,0.233,0.5,0
289795.2,0.007332644,26408.67,1,0.234,0.234,0.5,0
294879.2,0.007461285,26435.28,1,0.235,0.235,0.5,0
300330.7,0.007599223,26450.44,1,0.236,0.236,0.5,0
305782.2,0.007737162,26465.6,1,0.237,0.237,0.5,0
311233.7,0.0078751,26480.76,1,0.238,0.238,0.5,0
316685.2,0.008013037,26495.92,1,0.239,0.239,0.5,0
322136.7,0.008150975,26511.08,1,0.24,0.24,0.5,0
327588.2,0.008288914,26526.24,1,0.241,0.241,0.5,0
333205.7,0.008431053,26537.06,1,0.242,0.242,0.5,0
339083.6,0.008579782,26541.07,1,0.243,0.243,0.5,0
344961.6,0.008728512,26545.07,1,0.244,0.244,0.5,0
350839.6,0.008877241,26549.08,1,0.245,0.245,0.5,0
356717.6,0.009025971,26553.08,1,0.246,0.246,0.5,0
362595.4,0.009174698,26557.09,1,0.247,0.247,0.5,0
368473.4,0.009323427,26561.09,1,0.248,0.248,0.5,0
374654.1,0.009479817,26558.56,1,0.249,0.249,0.5,0
380978.7,0.009639847,26552.91,1,0.25,0.25,0.5,0
387303.2,0.009799875,26547.26,1,0.251,0.251,0.5,0
393627.9,0.009959908,26541.62,1,0.252,0.252,0.5,0
399952.4,0.01011994,26535.97,1,0.253,0.253,0.5,0
406277.1,0.01027997,26530.32,1,0.254,0.254,0.5,0
412601.6,0.01044,26524.68,1,0.255,0.255,0.5,0
419380.2,0.01061152,26511.06,1,0.256,0.256,0.5,0
426174.4,0.01078343,26497.16,1,0.257,0.257,0.5,0
432968.7,0.01095534,26483.27,1,0.258,0.258,0.5,0
439763.1,0.01112726,26469.37,1,0.259,0.259,0.5,0
446557.3,0.01129917,26455.48,1,0.26,0.26,0.5,0
453351.7,0.01147109,26441.58,1,0.261,0.261,0.5,0
460272.5,0.01164621,26425.91,1,0.262,0.262,0.5,0
467563.5,0.01183069,26405.05,1,0.263,0.263,0.5,0
474854.2,0.01201517,26384.2,1,0.264,0.264,0.5,0
482145,0.01219964,26363.35,1,0.265,0.265,0.5,0
489436,0.01238412,26342.49,1,0.266,0.266,0.5,0
496726.7,0.0125686,26321.64,1,0.267,0.267,0.5,0
504017.7,0.01275308,26300.78,1,0.268,0.268,0.5,0
511595.5,0.01294482,26276.78,1,0.269,0.269,0.5,0
519414.5,0.01314267,26250.14,1,0.27,0.27,0.5,0
527233.3,0.01334051,26223.5,1,0.271,0.271,0.5,0
535052.4,0.01353835,26196.86,1,0.272,0.272,0.5,0
542871.2,0.01373619,26170.22,1,0.273,0.273,0.5,0
550690,0.01393403,26143.58,1,0.274,0.274,0.5,0
558509,0.01413187,26116.94,1,0.275,0.275,0.5,0
566798.3,0.01434161,26086.36,1,0.276,0.276,0.5,0
575182.6,0.01455376,26054.99,1,0.277,0.277,0.5,0
583566.7,0.0147659,26023.61,1,0.278,0.278,0.5,0
591951,0.01497805,25992.24,1,0.279,0.279,0.5,0
600335.1,0.01519019,25960.87,1,0.28,0.28,0.5,0
608719.2,0.01540233,25929.5,1,0.281,0.281,0.5,0
617177.1,0.01561634,25897.67,1,0.282,0.282,0.5,0
626170.5,0.0158439,25862.51,1,0.283,0.283,0.5,0
635164.1,0.01607146,25827.35,1,0.284,0.284,0.5,0
644157.5,0.01629902,25792.2,1,0.285,0.285,0.5,0
653151.1,0.01652658,25757.04,1,0.286,0.286,0.5,0
662144.5,0.01675414,25721.88,1,0.287,0.287,0.5,0
671137.9,0.0169817,25686.72,1,0.288,0.288,0.5,0
680402.3,0.01721612,25650.35,1,0.289,0.289,0.5,0
690057,0.01746041,25612.25,1,0.29,0.29,0.5,0
699712,0.01770471,25574.14,1,0.291,0.291,0.5,0
709366.7,0.017949,25536.04,1,0.292,0.292,0.5,0
719021.8,0.0181933,25497.93,1,0.293,0.293,0.5,0
728676.5,0.01843759,25459.83,1,0.294,0.294,0.5,0
738331.2,0.01868188,25421.72,1,0.295,0.295,0.5,0
748490.8,0.01893895,25382.08,1,0.296,0.296,0.5,0
758868.4,0.01920153,25341.78,1,0.297,0.297,0.5,0
769246.3,0.01946412,25301.47,1,0.298,0.298,0.5,0
779623.9,0.01972671,25261.16,1,0.299,0.299,0.5,0
790001.8,0.0199893,25220.86,1,0.3,0.3,0.5,0
800379.4,0.02025188,25180.55,1,0.301,0.301,0.5,0
810757,0.02051446,25140.24,1,0.302,0.302,0.5,0
821919.8,0.02079691,25098.42,1,0.303,0.303,0.5,0
833093,0.02107963,25056.57,1,0.304,0.304,0.5,0
844266.5,0.02136235,25014.72,1,0.305,0.305,0.5,0
855439.6,0.02164506,24972.88,1,0.306,0.306,0.5,0
866613.1,0.02192778,24931.03,1,0.307,0.307,0.5,0
877786.3,0.02221049,24889.19,1,0.308,0.308,0.5,0
889202,0.02249934,24847.08,1,0.309,0.309,0.5,0
901257.1,0.02280437,24804.28,1,0.31,0.31,0.5,0
913311.9,0.02310939,24761.48,1,0.311,0.311,0.5,0
925367,0.02341442,24718.68,1,0.312,0.312,0.5,0
937421.7,0.02371944,24675.88,1,0.313,0.313,0.5,0
949476.8,0.02402447,24633.08,1,0.314,0.314,0.5,0
961531.5,0.02432949,24590.28,1,0.315,0.315,0.5,0
974141.1,0.02464855,24547.24,1,0.316,0.316,0.5,0
987179.4,0.02497845,24504.01,1,0.317,0.317,0.5,0
1000218,0.02530836,24460.78,1,0.318,0.318,0.5,0
1013256,0.02563827,24417.55,1,0.319,0.319,0.5,0
1026294,0.02596817,24374.32,1,0.32,0.32,0.5,0
1039333,0.02629809,24331.09,1,0.321,0.321,0.5,0
1052371,0.02662799,24287.87,1,0.322,0.322,0.5,0
1066351,0.02698173,24244.67,1,0.323,0.323,0.5,0
1080494,0.02733958,24201.48,1,0.324,0.324,0.5,0
1094637,0.02769743,24158.29,1,0.325,0.325,0.5,0
1108780,0.02805529,24115.1,1,0.326,0.326,0.5,0
1122922,0.02841313,24071.91,1,0.327,0.327,0.5,0
1137065,0.02877099,24028.72,1,0.328,0.328,0.5,0
1151384,0.02913329,23985.6,1,0.329,0.329,0.5,0
1166775,0.02952273,23942.87,1,0.33,0.33,0.5,0
1182165,0.02991215,23900.14,1,0.331,0.331,0.5,0
1197556,0.03030157,23857.41,1,0.332,0.332,0.5,0
1212947,0.030691,23814.69,1,0.333,0.333,0.5,0
1228337,0.03108043,23771.96,1,0.334,0.334,0.5,0
1243728,0.03146986,23729.23,1,0.335,0.335,0.5,0
1259727,0.03187469,23686.87,1,0.336,0.336,0.5,0
1276536,0.0323,23644.99,1,0.337,0.337,0.5,0
1293344,0.0327253,23603.11,1,0.338,0.338,0.5,0
1310153,0.03315059,23561.23,1,0.339,0.339,0.5,0
1326961,0.0335759,23519.35,1,0.34,0.34,0.5,0
1343770,0.0340012,23477.47,1,0.341,0.341,0.5,0
1360578,0.03442651,23435.59,1,0.342,0.342,0.5,0
1378550,0.03488123,23394.57,1,0.343,0.343,0.5,0
1396978,0.03534752,23353.89,1,0.344,0.344,0.5,0
1415406,0.0358138,23313.21,1,0.345,0.345,0.5,0
1433833,0.03628007,23272.54,1,0.346,0.346,0.5,0
1452262,0.03674636,23231.86,1,0.347,0.347,0.5,0
1470689,0.03721263,23191.18,1,0.348,0.348,0.5,0
1489130,0.03767924,23150.51,1,0.349,0.349,0.5,0
1509417,0.03819255,23111.37,1,0.35,0.35,0.5,0
1529705,0.03870589,23072.22,1,0.351,0.351,0.5,0
1549992,0.0392192,23033.08,1,0.352,0.352,0.5,0
1570278,0.03973252,22993.93,1,0.353,0.353,0.5,0
1590566,0.04024585,22954.79,1,0.354,0.354,0.5,0
1610853,0.04075917,22915.65,1,0.355,0.355,0.5,0
1631774,0.04128853,22877.05,1,0.356,0.356,0.5,0
1654206,0.04185613,22839.75,1,0.357,0.357,0.5,0
1676639,0.04242375,22802.45,1,0.358,0.358,0.5,0
1699071,0.04299135,22765.15,1,0.359,0.359,0.5,0
1721504,0.04355896,22727.85,1,0.36,0.36,0.5,0
1743937,0.04412656,22690.55,1,0.361,0.361,0.5,0
1766369,0.04469416,22653.26,1,0.362,0.362,0.5,0
1790255,0.04529856,22617.21,1,0.363,0.363,0.5,0
1815176,0.04592914,22582.06,1,0.364,0.364,0.5,0
1840099,0.04655974,22546.91,1,0.365,0.365,0.5,0
1865020,0.04719032,22511.75,1,0.366,0.366,0.5,0
1889942,0.04782092,22476.6,1,0.367,0.367,0.5,0
1914863,0.0484515,22441.45,1,0.368,0.368,0.5,0
1939785,0.04908208,22406.3,1,0.369,0.369,0.5,0
1967241,0.0497768,22373.27,1,0.37,0.37,0.5,0
1995067,0.05048087,22340.56,1,0.371,0.371,0.5,0
2022893,0.05118497,22307.85,1,0.372,0.372,0.5,0
2050719,0.05188904,22275.13,1,0.373,0.373,0.5,0
2078546,0.05259314,22242.42,1,0.374,0.374,0.5,0
2106372,0.05329721,22209.7,1,0.375,0.375,0.5,0
2134747,0.05401518,22177.43,1,0.376,0.376,0.5,0
2165984,0.05480556,22147.44,1,0.377,0.377,0.5,0
2197220,0.05559592,22117.46,1,0.378,0.378,0.5,0
2228456,0.05638629,22087.47,1,0.379,0.379,0.5,0
2259692,0.05717665,22057.48,1,0.38,0.38,0.5,0
2290929,0.05796703,22027.49,1,0.381,0.381,0.5,0
2322165,0.05875738,21997.51,1,0.382,0.382,0.5,0
2355212,0.05959356,21968.88,1,0.383,0.383,0.5,0
2390476,0.06048587,21941.9,1,0.384,0.384,0.5,0
2425740,0.06137814,21914.93,1,0.385,0.385,0.5,0
2461005,0.06227044,21887.96,1,0.386,0.386,0.5,0
2496269,0.06316272,21860.99,1,0.387,0.387,0.5,0
2531534,0.06405502,21834.02,1,0.388,0.388,0.5,0
2566798,0.0649473,21807.04,1,0.389,0.389,0.5,0
2605598,0.06592904,21782.51,1,0.39,0.39,0.5,0
2645652,0.06694254,21758.85,1,0.391,0.391,0.5,0
2685706,0.067956,21735.18,1,0.392,0.392,0.5,0
2725760,0.0689695,21711.52,1,0.393,0.393,0.5,0
2765814,0.06998296,21687.86,1,0.394,0.394,0.5,0
2805868,0.07099646,21664.19,1,0.395,0.395,0.5,0
2846076,0.07201382,21640.62,1,0.396,0.396,0.5,0
2891868,0.07317249,21620.57,1,0.397,0.397,0.5,0
2937659,0.07433113,21600.51,1,0.398,0.398,0.5,0
2983449,0.07548977,21580.45,1,0.399,0.399,0.5,0
3029241,0.07664844,21560.39,1,0.4,0.4,0.5,0
3075032,0.07780708,21540.34,1,0.401,0.401,0.5,0
3120824,0.07896575,21520.28,1,0.402,0.402,0.5,0
3168803,0.08017974,21501.46,1,0.403,0.403,0.5,0
3221530,0.0815139,21485.32,1,0.404,0.404,0.5,0
3274257,0.08284802,21469.18,1,0.405,0.405,0.5,0
3326983,0.08418214,21453.04,1,0.406,0.406,0.5,0
3379710,0.0855163,21436.9,1,0.407,0.407,0.5,0
3432436,0.08685042,21420.76,1,0.408,0.408,0.5,0
3485164,0.08818458,21404.62,1,0.409,0.409,0.5,0
3543015,0.08964837,21391.05,1,0.41,0.41,0.5,0
3604227,0.09119722,21379.15,1,0.411,0.411,0.5,0
3665438,0.09274601,21367.26,1,0.412,0.412,0.5,0
3726648,0.09429481,21355.36,1,0.413,0.413,0.5,0
3787860,0.09584365,21343.47,1,0.414,0.414,0.5,0
3849070,0.09739245,21331.57,1,0.415,0.415,0.5,0
3910283,0.09894129,21319.67,1,0.416,0.416,0.5,0
3980910,0.1007284,21311.87,1,0.417,0.417,0.5,0
4052672,0.1025441,21304.57,1,0.418,0.418,0.5,0
4124432,0.1043599,21297.26,1,0.419,0.419,0.5,0
4196192,0.1061756,21289.95,1,0.42,0.42,0.5,0
4267954,0.1079914,21282.64,1,0.421,0.421,0.5,0
4339714,0.1098071,21275.34,1,0.422,0.422,0.5,0
4413906,0.1116844,21268.93,1,0.423,0.423,0.5,0
4499079,0.1138395,21266.57,1,0.424,0.424,0.5,0
4584255,0.1159947,21264.22,1,0.425,0.425,0.5,0
4669428,0.1181498,21261.87,1,0.426,0.426,0.5,0
4754601,0.120305,21259.51,1,0.427,0.427,0.5,0
4839777,0.1224601,21257.16,1,0.428,0.428,0.5,0
4924950,0.1246153,21254.81,1,0.429,0.429,0.5,0
5018380,0.1269793,21254.97,1,0.43,0.43,0.5,0
5121123,0.129579,21257.96,1,0.431,0.431,0.5,0
5223868,0.1321788,21260.96,1,0.432,0.432,0.5,0
5326611,0.1347784,21263.95,1,0.433,0.433,0.5,0
5429354,0.1373781,21266.95,1,0.434,0.434,0.5,0
5532099,0.1399779,21269.94,1,0.435,0.435,0.5,0
5634842,0.1425776,21272.94,1,0.436,0.436,0.5,0
5755721,0.1456361,21280.31,1,0.437,0.437,0.5,0
5882373,0.1488408,21289.08,1,0.438,0.438,0.5,0
6009029,0.1520456,21297.85,1,0.439,0.439,0.5,0
6135681,0.1552502,21306.62,1,0.44,0.44,0.5,0
6262337,0.158455,21315.39,1,0.441,0.441,0.5,0
6388990,0.1616596,21324.16,1,0.442,0.442,0.5,0
6517242,0.1649048,21333.22,1,0.443,0.443,0.5,0
6677975,0.1689718,21348.23,1,0.444,0.444,0.5,0
6838702,0.1730386,21363.24,1,0.445,0.445,0.5,0
6999434,0.1771056,21378.25,1,0.446,0.446,0.5,0
7160161,0.1811725,21393.26,1,0.447,0.447,0.5,0
7320894,0.1852395,21408.27,1,0.448,0.448,0.5,0
7481621,0.1893063,21423.28,1,0.449,0.449,0.5,0
7659517,0.1938076,21440.56,1,0.45,0.45,0.5,0
7871414,0.1991692,21462.32,1,0.451,0.451,0.5,0
8083305,0.2045306,21484.08,1,0.452,0.452,0.5,0
8295202,0.2098922,21505.84,1,0.453,0.453,0.5,0
8507093,0.2152537,21527.6,1,0.454,0.454,0.5,0
8718990,0.2206153,21549.36,1,0.455,0.455,0.5,0
8930881,0.2259767,21571.12,1,0.456,0.456,0.5,0
9193381,0.2326187,21597.44,1,0.457,0.457,0.5,0
9486366,0.2400321,21626.52,1,0.458,0.458,0.5,0
9779343,0.2474452,21655.6,1,0.459,0.459,0.5,0
1.007233e+07,0.2548586,21684.67,1,0.46,0.46,0.5,0
1.03653e+07,0.2622717,21713.75,1,0.461,0.461,0.5,0
1.065829e+07,0.2696851,21742.82,1,0.462,0.462,0.5,0
1.095126e+07,0.2770982,21771.9,1,0.463,0.463,0.5,0
1.136626e+07,0.2875989,21808.22,1,0.464,0.464,0.5,0
1.179294e+07,0.298395,21845.24,1,0.465,0.465,0.5,0
1.221961e+07,0.3091908,21882.26,1,0.466,0.466,0.5,0
1.264628e+07,0.319987,21919.28,1,0.467,0.467,0.5,0
1.307295e+07,0.3307828,21956.3,1,0.468,0.468,0.5,0
1.349962e+07,0.3415789,21993.32,1,0.469,0.469,0.5,0
1.396916e+07,0.3534597,22032.09,1,0.47,0.47,0.5,0
1.460878e+07,0.3696437,22077.76,1,0.471,0.471,0.5,0
1.524841e+07,0.3858283,22123.43,1,0.472,0.472,0.5,0
1.588803e+07,0.4020123,22169.1,1,0.473,0.473,0.5,0
1.652766e+07,0.4181969,22214.77,1,0.474,0.474,0.5,0
1.716727e+07,0.434381,22260.44,1,0.475,0.475,0.5,0
1.780691e+07,0.4505655,22306.12,1,0.476,0.476,0.5,0
1.85778e+07,0.4700712,22356.42,1,0.477,0.477,0.5,0
1.948535e+07,0.4930348,22411.54,1,0.478,0.478,0.5,0
2.039293e+07,0.5159992,22466.67,1,0.479,0.479,0.5,0
2.130048e+07,0.5389628,22521.79,1,0.48,0.48,0.5,0
2.220806e+07,0.5619272,22576.92,1,0.481,0.481,0.5,0
2.311561e+07,0.5848908,22632.04,1,0.482,0.482,0.5,0
2.402319e+07,0.6078552,22687.17,1,0.483,0.483,0.5,0
2.503844e+07,0.6335438,22750.37,1,0.484,0.484,0.5,0
2.608435e+07,0.6600084,22815.87,1,0.485,0.485,0.5,0
2.713023e+07,0.6864722,22881.36,1,0.486,0.486,0.5,0
2.817611e+07,0.7129359,22946.86,1,0.487,0.487,0.5,0
2.922203e+07,0.7394005,23012.36,1,0.488,0.488,0.5,0
3.026791e+07,0.7658643,23077.85,1,0.489,0.489,0.5,0
3.129427e+07,0.7918342,23144.12,1,0.49,0.49,0.5,0
3.204888e+07,0.8109279,23221.05,1,0.491,0.491,0.5,0
3.280351e+07,0.8300223,23297.98,1,0.492,0.492,0.5,0
3.355812e+07,0.8491161,23374.91,1,0.493,0.493,0.5,0
3.431273e+07,0.8682098,23451.84,1,0.494,0.494,0.5,0
3.506736e+07,0.8873042,23528.78,1,0.495,0.495,0.5,0
3.582197e+07,0.906398,23605.71,1,0.496,0.496,0.5,0
3.630971e+07,0.9187391,23687.16,1,0.497,0.497,0.5,0
3.631401e+07,0.918848,23776.77,1,0.498,0.498,0.5,0
3.631832e+07,0.9189569,23866.39,1,0.499,0.499,0.5,0
3.632262e+07,0.9190659,23956.01,1,0.5,0.5,0.5,0
3.632693e+07,0.9191748,24045.63,1,0.501,0.501,0.5,0
3.633123e+07,0.9192837,24135.25,1,0.502,0.502,0.5,0
3.633554e+07,0.9193927,24224.87,1,0.503,0.503,0.5,0
3.585532e+07,0.9072418,24323.63,1,0.504,0.504,0.5,0
3.510763e+07,0.888323,24427.44,1,0.505,0.505,0.5,0
3.435993e+07,0.8694043,24531.24,1,0.506,0.506,0.5,0
3.36122e+07,0.8504843,24635.05,1,0.507,0.507,0.5,0
3.28645e+07,0.8315656,24738.85,1,0.508,0.508,0.5,0
3.211681e+07,0.8126468,24842.66,1,0.509,0.509,0.5,0
3.136911e+07,0.793728,24946.46,1,0.51,0.51,0.5,0
3.03465e+07,0.7678529,25065.21,1,0.511,0.511,0.5,0
2.930404e+07,0.7414758,25185.05,1,0.512,0.512,0.5,0
2.826165e+07,0.7151002,25304.88,1,0.513,0.513,0.5,0
2.721925e+07,0.6887246,25424.7,1,0.514,0.514,0.5,0
2.617685e+07,0.662349,25544.53,1,0.515,0.515,0.5,0
2.513446e+07,0.6359734,25664.36,1,0.516,0.516,0.5,0
2.412209e+07,0.6103577,25788.27,1,0.517,0.517,0.5,0
2.321556e+07,0.5874198,25926.48,1,0.518,0.518,0.5,0
2.230902e+07,0.5644819,26064.68,1,0.519,0.519,0.5,0
2.140249e+07,0.541544,26202.89,1,0.52,0.52,0.5,0
2.04959e+07,0.5186047,26341.11,1,0.521,0.521,0.5,0
1.958937e+07,0.4956668,26479.32,1,0.522,0.522,0.5,0
1.868283e+07,0.4727289,26617.53,1,0.523,0.523,0.5,0
1.791261e+07,0.4532401,26766.75,1,0.524,0.524,0.5,0
1.727333e+07,0.4370644,26926.54,1,0.525,0.525,0.5,0
1.6634e+07,0.4208877,27086.35,1,0.526,0.526,0.5,0
1.599472e+07,0.404712,27246.15,1,0.527,0.527,0.5,0
1.535543e+07,0.3885362,27405.95,1,0.528,0.528,0.5,0
1.471615e+07,0.3723605,27565.75,1,0.529,0.529,0.5,0
1.407686e+07,0.3561848,27725.55,1,0.53,0.53,0.5,0
1.360796e+07,0.3443202,27906.46,1,0.531,0.531,0.5,0
1.318205e+07,0.3335434,28092.68,1,0.532,0.532,0.5,0
1.275614e+07,0.3227667,28278.9,1,0.533,0.533,0.5,0
1.233023e+07,0.3119899,28465.12,1,0.534,0.534,0.5,0
1.190429e+07,0.3012126,28651.35,1,0.535,0.535,0.5,0
1.147838e+07,0.2904358,28837.57,1,0.536,0.536,0.5,0
1.106423e+07,0.2799567,29026.85,1,0.537,0.537,0.5,0
1.077313e+07,0.2725909,29248.04,1,0.538,0.538,0.5,0
1.048203e+07,0.2652251,29469.24,1,0.539,0.539,0.5,0
1.01909e+07,0.2578589,29690.45,1,0.54,0.54,0.5,0
9899800,0.2504931,29911.65,1,0.541,0.541,0.5,0
9608695,0.2431274,30132.84,1,0.542,0.542,0.5,0
9317591,0.2357616,30354.04,1,0.543,0.543,0.5,0
9057791,0.2291879,30596.32,1,0.544,0.544,0.5,0
8850016,0.2239306,30873.56,1,0.545,0.545,0.5,0
8642241,0.2186733,31150.81,1,0.546,0.546,0.5,0
8434466,0.213416,31428.06,1,0.547,0.547,0.5,0
8226692,0.2081587,31705.31,1,0.548,0.548,0.5,0
8018905,0.2029011,31982.57,1,0.549,0.549,0.5,0
7811130,0.1976438,32259.82,1,0.55,0.55,0.5,0
7609332,0.1925378,40016.34,1,0.551,0.551,0.5,0
7410553,0.1875081,51550.15,1,0.552,0.552,0.5,0
7211775,0.1824784,63083.97,1,0.553,0.553,0.5,0
7012984,0.1774485,74618.47,1,0.554,0.554,0.5,0
6814205,0.1724188,86152.28,1,0.555,0.555,0.5,0
6615426,0.1673891,97686.09,1,0.556,0.556,0.5,0
6416647,0.1623595,109219.9,1,0.557,0.557,0.5,0
6206958,0.1570537,122839.4,1,0.558,0.558,0.5,0
5996745,0.1517347,136560.9,1,0.559,0.559,0.5,0
5786531,0.1464157,150282.4,1,0.56,0.56,0.5,0
5576317,0.1410967,164003.9,1,0.561,0.561,0.5,0
5366104,0.1357777,177725.3,1,0.562,0.562,0.5,0
5155877,0.1304584,191447.7,1,0.563,0.563,0.5,0
4953267,0.1253318,202979.5,1,0.564,0.564,0.5,0
4774519,0.1208089,207638.7,1,0.565,0.565,0.5,0
4595771,0.1162861,212297.9,1,0.566,0.566,0.5,0
4417023,0.1117633,216957.1,1,0.567,0.567,0.5,0
4238265,0.1072402,221616.6,1,0.568,0.568,0.5,0
4059517,0.1027173,226275.8,1,0.569,0.569,0.5,0
3880769,0.09819452,230935.1,1,0.57,0.57,0.5,0
3720912,0.09414967,235376.9,1,0.571,0.571,0.5,0
3577785,0.09052817,239626.5,1,0.572,0.572,0.5,0
3434667,0.08690687,243875.8,1,0.573,0.573,0.5,0
3291549,0.08328558,248125.1,1,0.574,0.574,0.5,0
3148432,0.07966429,252374.4,1,0.575,0.575,0.5,0
3005314,0.076043,256623.7,1,0.576,0.576,0.5,0
2862187,0.07242149,260873.3,1,0.577,0.577,0.5,0
2743227,0.06941146,264170.7,1,0.578,0.578,0.5,0
2629613,0.0665367,267257.4,1,0.579,0.579,0.5,0
2515999,0.06366194,270344.1,1,0.58,0.58,0.5,0
2402385,0.06078718,273430.8,1,0.581,0.581,0.5,0
2288764,0.05791225,276517.8,1,0.582,0.582,0.5,0
2175150,0.05503749,279604.5,1,0.583,0.583,0.5,0
2064162,0.05222917,282485.3,1,0.584,0.584,0.5,0
1975005,0.04997326,283654.6,1,0.585,0.585,0.5,0
1885843,0.0477172,284823.9,1,0.586,0.586,0.5,0
1796686,0.04546128,285993.1,1,0.587,0.587,0.5,0
1707530,0.04320536,287162.4,1,0.588,0.588,0.5,0
1618373,0.04094944,288331.6,1,0.589,0.589,0.5,0
1529216,0.03869352,289500.9,1,0.59,0.59,0.5,0
1448239,0.03664458,289710.2,1,0.591,0.591,0.5,0
1379752,0.03491166,288455.1,1,0.592,0.592,0.5,0
1311265,0.03317874,287200,1,0.593,0.593,0.5,0
1242778,0.03144582,285944.9,1,0.594,0.594,0.5,0
1174287,0.0297128,284689.7,1,0.595,0.595,0.5,0
1105800,0.02797988,283434.6,1,0.596,0.596,0.5,0
1037313,0.02624697,282179.5,1,0.597,0.597,0.5,0
980799.8,0.02481703,279252.8,1,0.598,0.598,0.5,0
929804.5,0.0235267,275555.8,1,0.599,0.599,0.5,0
878806.2,0.0222363,271858.6,1,0.6,0.6,0.5,0
827810.9,0.02094597,268161.6,1,0.601,0.601,0.5,0
776815.6,0.01965565,264464.6,1,0.602,0.602,0.5,0
725820.3,0.01836532,260767.7,1,0.603,0.603,0.5,0
674825,0.017075,257070.7,1,0.604,0.604,0.5,0
637921.5,0.01614123,251508.9,1,0.605,0.605,0.5,0
601409.4,0.01521737,245896,1,0.606,0.606,0.5,0
564897.3,0.01429351,240283.1,1,0.607,0.607,0.5,0
528385.3,0.01336965,234670.2,1,0.608,0.608,0.5,0
491871,0.01244574,229057,1,0.609,0.609,0.5,0
455358.9,0.01152188,223444.1,1,0.61,0.61,0.5,0
421862.9,0.01067433,217565.7,1,0.611,0.611,0.5,0
396873.8,0.01004204,210938.5,1,0.612,0.612,0.5,0
371884.6,0.00940974,204311.3,1,0.613,0.613,0.5,0
346894,0.008777406,197683.7,1,0.614,0.614,0.5,0
321904.8,0.008145109,191056.4,1,0.615,0.615,0.5,0
296915.6,0.007512812,184429.2,1,0.616,0.616,0.5,0
271926.5,0.006880515,177802,1,0.617,0.617,0.5,0
251729.2,0.006369467,171156.5,1,0.618,0.618,0.5,0
235446.7,0.005957472,164495.7,1,0.619,0.619,0.5,0
219165.1,0.005545503,157835.3,1,0.62,0.62,0.5,0
202883.6,0.005133533,151174.9,1,0.621,0.621,0.5,0
186602,0.004721563,144514.5,1,0.622,0.622,0.5,0
170319.5,0.004309569,137853.7,1,0.623,0.623,0.5,0
154038,0.003897599,131193.2,1,0.624,0.624,0.5,0
142965.7,0.00361744,125163.4,1,0.625,0.625,0.5,0
132893.6,0.003362587,119254.5,1,0.626,0.626,0.5,0
122821.5,0.003107735,113345.7,1,0.627,0.627,0.5,0
112748.8,0.002852866,107436.5,1,0.628,0.628,0.5,0
102676.7,0.002598013,101527.7,1,0.629,0.629,0.5,0
92604.61,0.00234316,95618.85,1,0.63,0.63,0.5,0
83063.59,0.002101746,89861.95,1,0.631,0.631,0.5,0
77156.54,0.00195228,85144.48,1,0.632,0.632,0.5,0
71249.84,0.001802824,80427.29,1,0.633,0.633,0.5,0
65343.14,0.001653368,75710.11,1,0.634,0.634,0.5,0
59436.44,0.001503911,70992.92,1,0.635,0.635,0.5,0
53529.74,0.001354455,66275.73,1,0.636,0.636,0.5,0
47622.69,0.00120499,61558.26,1,0.637,0.637,0.5,0
42808.54,0.001083178,57376.9,1,0.638,0.638,0.5,0
39527.38,0.001000155,53947.38,1,0.639,0.639,0.5,0
36246.21,0.0009171324,50517.86,1,0.64,0.64,0.5,0
32965.05,0.0008341096,47088.34,1,0.641,0.641,0.5,0
29683.68,0.0007510818,43658.62,1,0.642,0.642,0.5,0
26402.52,0.000668059,40229.1,1,0.643,0.643,0.5,0
23121.35,0.0005850361,36799.58,1,0.644,0.644,0.5,0
20936.02,0.000529741,34173.41,1,0.645,0.645,0.5,0
19209.82,0.0004860631,31883.76,1,0.646,0.646,0.5,0
17483.71,0.0004423878,29594.25,1,0.647,0.647,0.5,0
15757.61,0.0003987125,27304.74,1,0.648,0.648,0.5,0
14031.51,0.0003550372,25015.24,1,0.649,0.649,0.5,0
12305.41,0.0003113619,22725.73,1,0.65,0.65,0.5,0
10573.41,0.0002675374,20430.21,1,0.651,0.651,0.5,0
9713.365,0.0002457758,19018.04,1,0.652,0.652,0.5,0
8853.32,0.0002240142,17605.88,1,0.653,0.653,0.5,0
7993.275,0.0002022526,16193.71,1,0.654,0.654,0.5,0
7133.231,0.0001804911,14781.54,1,0.655,0.655,0.5,0
6273.135,0.0001587282,13369.29,1,0.656,0.656,0.5,0
5413.09,0.0001369666,11957.12,1,0.657,0.657,0.5,0
4681.02,0.0001184431,10715.07,1,0.658,0.658,0.5,0
4274.985,0.0001081693,9906.408,1,0.659,0.659,0.5,0
3868.926,9.789485e-05,9097.701,1,0.66,0.66,0.5,0
3462.891,8.762101e-05,8289.042,1,0.661,0.661,0.5,0
3056.856,7.734718e-05,7480.384,1,0.662,0.662,0.5,0
2650.822,6.707334e-05,6671.726,1,0.663,0.663,0.5,0
2244.787,5.67995e-05,5863.067,1,0.664,0.664,0.5,0
1966.691,4.976288e-05,5269.468,1,0.665,0.665,0.5,0
1784.956,4.516448e-05,4837.862,1,0.666,0.666,0.5,0
1603.222,4.056608e-05,4406.255,1,0.667,0.667,0.5,0
1421.488,3.596769e-05,3974.649,1,0.668,0.668,0.5,0
1239.742,3.136901e-05,3543.017,1,0.669,0.669,0.5,0
1058.008,2.677061e-05,3111.41,1,0.67,0.67,0.5,0
876.2733,2.217221e-05,2679.804,1,0.671,0.671,0.5,0
784.3687,1.984676e-05,2433.916,1,0.672,0.672,0.5,0
707.2016,1.789422e-05,2218.497,1,0.673,0.673,0.5,0
630.0299,1.594155e-05,2003.065,1,0.674,0.674,0.5,0
552.8628,1.3989e-05,1787.646,1,0.675,0.675,0.5,0
475.6956,1.203646e-05,1572.227,1,0.676,0.676,0.5,0
398.5285,1.008391e-05,1356.809,1,0.677,0.677,0.5,0
328.161,8.30341e-06,1158.307,1,0.678,0.678,0.5,0
297.0519,7.516259e-06,1057.475,1,0.679,0.679,0.5,0
265.9446,6.729156e-06,956.6497,1,0.68,0.68,0.5,0
234.8373,5.942053e-06,855.8242,1,0.681,0.681,0.5,0
203.73,5.15495e-06,754.9986,1,0.682,0.682,0.5,0
172.6209,4.3678e-06,654.1671,1,0.683,0.683,0.5,0
141.5136,3.580696e-06,553.3416,1,0.684,0.684,0.5,0
118.7794,3.005457e-06,477.1487,1,0.685,0.685,0.5,0
106.8655,2.704002e-06,432.7877,1,0.686,0.686,0.5,0
94.95166,2.402548e-06,388.4267,1,0.687,0.687,0.5,0
83.03709,2.101075e-06,344.063,1,0.688,0.688,0.5,0
71.12322,1.79962e-06,299.702,1,0.689,0.689,0.5,0
59.20936,1.498165e-06,255.341,1,0.69,0.69,0.5,0
47.29549,1.196711e-06,210.98,1,0.691,0.691,0.5,0
40.87242,1.034189e-06,185.4457,1,0.692,0.692,0.5,0
36.53375,9.24408e-07,167.0582,1,0.693,0.693,0.5,0
32.19534,8.146338e-07,148.6718,1,0.694,0.694,0.5,0
27.85693,7.048597e-07,130.2853,1,0.695,0.695,0.5,0
23.51852,5.950856e-07,111.8989,1,0.696,0.696,0.5,0
19.17985,4.85305e-07,93.51136,1,0.697,0.697,0.5,0
14.87954,3.764948e-07,75.27533,1,0.698,0.698,0.5,0
13.37634,3.384595e-07,68.08297,1,0.699,0.699,0.5,0
11.87314,3.004243e-07,60.89062,1,0.7,0.7,0.5,0
10.36994,2.62389e-07,53.69826,1,0.701,0.701,0.5,0
8.866649,2.243515e-07,46.50547,1,0.702,0.702,0.5,0
7.363448,1.863162e-07,39.31312,1,0.703,0.703,0.5,0
5.860247,1.482809e-07,32.12076,1,0.704,0.704,0.5,0
4.661241,1.179427e-07,26.29725,1,0.705,0.705,0.5,0
4.165307,1.053941e-07,23.63748,1,0.706,0.706,0.5,0
3.669344,9.284486e-08,20.97756,1,0.707,0.707,0.5,0
3.17341,8.029633e-08,18.31779,1,0.708,0.708,0.5,0
2.677477,6.774779e-08,15.65803,1,0.709,0.709,0.5,0
2.181543,5.519925e-08,12.99826,1,0.71,0.71,0.5,0
1.68558,4.264997e-08,10.33834,1,0.711,0.711,0.5,0
1.390478,3.518305e-08,8.69949,1,0.712,0.712,0.5,0
1.234577,3.123831e-08,7.768261,1,0.713,0.713,0.5,0
1.078676,2.729358e-08,6.837032,1,0.714,0.714,0.5,0
0.9227753,2.334884e-08,5.905803,1,0.715,0.715,0.5,0
0.7668652,1.940388e-08,4.974519,1,0.716,0.716,0.5,0
0.6109644,1.545914e-08,4.04329,1,0.717,0.717,0.5,0
0.4550637,1.151441e-08,3.112061,1,0.718,0.718,0.5,0
0.3951466,9.998335e-09,2.727808,1,0.719,0.719,0.5,0
0.3484162,8.815923e-09,2.418699,1,0.72,0.72,0.5,0
0.3016886,7.633581e-09,2.109608,1,0.721,0.721,0.5,0
0.254961,6.45124e-09,1.800517,1,0.722,0.722,0.5,0
0.2082334,5.268898e-09,1.491426,1,0.723,0.723,0.5,0
0.1615058,4.086556e-09,1.182334,1,0.724,0.724,0.5,0
0.1203745,3.045819e-09,0.9087533,1,0.725,0.725,0.5,0
0.1070127,2.707727e-09,0.8113778,1,0.726,0.726,0.5,0
0.09365092,2.369635e-09,0.7140023,1,0.727,0.727,0.5,0
0.08028911,2.031543e-09,0.6166269,1,0.728,0.728,0.5,0
0.0669273,1.693451e-09,0.5192514,1,0.729,0.729,0.5,0
0.05356469,1.355339e-09,0.4218701,1,0.73,0.73,0.5,0
0.04020288,1.017247e-09,0.3244946,1,0.731,0.731,0.5,0
0.03127453,7.913346e-10,0.2582564,1,0.732,0.732,0.5,0
0.02762722,6.990474e-10,0.2291083,1,0.733,0.733,0.5,0
0.0239797,6.067547e-10,0.1999584,1,0.734,0.734,0.5,0
0.0203324,5.144675e-10,0.1708103,1,0.735,0.735,0.5,0
0.01668509,4.221804e-10,0.1416621,1,0.736,0.736,0.5,0
0.01303779,3.298932e-10,0.112514,1,0.737,0.737,0.5,0
0.009390482,2.37606e-10,0.08336589,1,0.738,0.738,0.5,0
0.007751795,1.961425e-10,0.06974914,1,0.739,0.739,0.5,0
0.006800918,1.720826e-10,0.06145088,1,0.74,0.74,0.5,0
0.005850042,1.480227e-10,0.05315261,1,0.741,0.741,0.5,0
0.004899165,1.239628e-10,0.04485434,1,0.742,0.742,0.5,0
0.003948288,9.990294e-11,0.03655608,1,0.743,0.743,0.5,0
0.002997355,7.584162e-11,0.02825732,1,0.744,0.744,0.5,0
0.002070441,5.238807e-11,0.02016208,1,0.745,0.745,0.5,0
0.001833558,4.639424e-11,0.01791326,1,0.746,0.746,0.5,0
0.001596675,4.040042e-11,0.01566443,1,0.747,0.747,0.5,0
0.001359777,3.440624e-11,0.01341547,1,0.748,0.748,0.5,0
0.001122894,2.841241e-11,0.01116665,1,0.749,0.749,0.5,0
0.0008860105,2.241859e-11,0.008917819,1,0.75,0.75,0.5,0
0.0006491271,1.642476e-11,0.006668993,1,0.751,0.751,0.5,0
0.0004703771,1.190188e-11,0.004957556,1,0.752,0.752,0.5,0
0.0004139583,1.047433e-11,0.004376951,1,0.753,0.753,0.5,0
0.0003575429,9.046854e-12,0.003796382,1,0.754,0.754,0.5,0
0.0003011274,7.619382e-12,0.003215812,1,0.755,0.755,0.5,0
0.000244712,6.191911e-12,0.002635242,1,0.756,0.756,0.5,0
0.0001882932,4.764354e-12,0.002054638,1,0.757,0.757,0.5,0
0.0001318777,3.336883e-12,0.001474068,1,0.758,0.758,0.5,0
0.0001020701,2.582664e-12,0.001160815,1,0.759,0.759,0.5,0
8.922041e-05,2.257531e-12,0.00101793,1,0.76,0.76,0.5,0
7.637075e-05,1.932398e-12,0.0008750448,1,0.761,0.761,0.5,0
6.352032e-05,1.607245e-12,0.0007321513,1,0.762,0.762,0.5,0
5.067066e-05,1.282112e-12,0.0005892664,1,0.763,0.763,0.5,0
3.7821e-05,9.56979e-13,0.0004463815,1,0.764,0.764,0.5,0
2.497133e-05,6.318459e-13,0.0003034966,1,0.765,0.765,0.5,0
2.115936e-05,5.353922e-13,0.0002589428,1,0.766,0.766,0.5,0
1.835908e-05,4.645371e-13,0.0002253962,1,0.767,0.767,0.5,0
1.555897e-05,3.936863e-13,0.0001918515,1,0.768,0.768,0.5,0
1.275886e-05,3.228354e-13,0.0001583068,1,0.769,0.769,0.5,0
9.958744e-06,2.519846e-13,0.0001247621,1,0.77,0.77,0.5,0
7.158464e-06,1.811295e-13,9.121547e-05,1,0.771,0.771,0.5,0
4.774844e-06,1.208172e-13,6.256247e-05,1,0.772,0.772,0.5,0
4.190872e-06,1.06041e-13,5.50461e-05,1,0.773,0.773,0.5,0
3.606899e-06,9.126483e-14,4.752973e-05,1,0.774,0.774,0.5,0
3.022927e-06,7.648866e-14,4.001335e-05,1,0.775,0.775,0.5,0
2.438919e-06,6.171161e-14,3.249653e-05,1,0.776,0.776,0.5,0
1.854947e-06,4.693544e-14,2.498016e-05,1,0.777,0.777,0.5,0
1.270974e-06,3.215927e-14,1.746379e-05,1,0.778,0.778,0.5,0
9.097089e-07,2.301823e-14,1.276263e-05,1,0.779,0.779,0.5,0
7.93117e-07,2.006812e-14,1.115438e-05,1,0.78,0.78,0.5,0
6.765182e-07,1.711784e-14,9.546023e-06,1,0.781,0.781,0.5,0
5.599263e-07,1.416773e-14,7.937766e-06,1,0.782,0.782,0.5,0
4.433344e-07,1.121762e-14,6.329509e-06,1,0.783,0.783,0.5,0
3.267426e-07,8.267518e-15,4.721252e-06,1,0.784,0.784,0.5,0
2.101437e-07,5.317235e-15,3.112899e-06,1,0.785,0.785,0.5,0
1.657044e-07,4.192792e-15,2.48363e-06,1,0.786,0.786,0.5,0
1.434142e-07,3.628788e-15,2.154889e-06,1,0.787,0.787,0.5,0
1.211241e-07,3.064784e-15,1.826147e-06,1,0.788,0.788,0.5,0
9.883393e-08,2.50078e-15,1.497406e-06,1,0.789,0.789,0.5,0
7.654246e-08,1.936742e-15,1.168645e-06,1,0.79,0.79,0.5,0
5.425232e-08,1.372738e-15,8.399036e-07,1,0.791,0.791,0.5,0
3.293976e-08,8.334697e-16,5.253638e-07,1,0.792,0.792,0.5,0
2.885826e-08,7.301962e-16,4.611439e-07,1,0.793,0.793,0.5,0
2.477652e-08,6.269166e-16,3.969201e-07,1,0.794,0.794,0.5,0
2.069502e-08,5.236431e-16,3.327002e-07,1,0.795,0.795,0.5,0
1.661353e-08,4.203696e-16,2.684803e-07,1,0.796,0.796,0.5,0
1.253203e-08,3.170961e-16,2.042603e-07,1,0.797,0.797,0.5,0
8.450532e-09,2.138225e-16,1.400404e-07,1,0.798,0.798,0.5,0
5.520866e-09,1.396936e-16,9.369435e-08,1,0.799,0.799,0.5,0
4.804943e-09,1.215788e-16,8.17009e-08,1,0.8,0.8,0.5,0
4.089021e-09,1.034639e-16,6.970744e-08,1,0.801,0.801,0.5,0
3.373099e-09,8.534901e-17,5.771399e-08,1,0.802,0.802,0.5,0
2.657176e-09,6.723414e-17,4.572053e-08,1,0.803,0.803,0.5,0
1.941212e-09,4.911818e-17,3.372636e-08,1,0.804,0.804,0.5,0
1.225289e-09,3.100331e-17,2.173291e-08,1,0.805,0.805,0.5,0
8.851217e-10,2.23961e-17,1.595456e-08,1,0.806,0.806,0.5,0
7.648083e-10,1.935183e-17,1.381266e-08,1,0.807,0.807,0.5,0
6.444878e-10,1.630738e-17,1.167064e-08,1,0.808,0.808,0.5,0
5.241744e-10,1.326311e-17,9.528748e-09,1,0.809,0.809,0.5,0
4.03861e-10,1.021884e-17,7.386854e-09,1,0.81,0.81,0.5,0
2.835477e-10,7.174564e-18,5.244959e-09,1,0.811,0.811,0.5,0
1.632343e-10,4.130293e-18,3.103065e-09,1,0.812,0.812,0.5,0
1.357277e-10,3.434299e-18,2.594092e-09,1,0.813,0.813,0.5,0
1.163542e-10,2.944092e-18,2.228219e-09,1,0.814,0.814,0.5,0
9.698058e-11,2.453885e-18,1.862346e-09,1,0.815,0.815,0.5,0
7.7607e-11,1.963678e-18,1.496473e-09,1,0.816,0.816,0.5,0
5.823342e-11,1.473472e-18,1.1306e-09,1,0.817,0.817,0.5,0
3.885869e-11,9.832356e-19,7.647048e-10,1,0.818,0.818,0.5,0
2.289404e-11,5.792843e-19,4.625163e-10,1,0.819,0.819,0.5,0
1.990463e-11,5.036439e-19,4.027273e-10,1,0.82,0.82,0.5,0
1.691522e-11,4.280034e-19,3.429384e-10,1,0.821,0.821,0.5,0
1.392564e-11,3.523584e-19,2.831459e-10,1,0.822,0.822,0.5,0
1.093624e-11,2.767179e-19,2.23357e-10,1,0.823,0.823,0.5,0
7.946829e-12,2.010774e-19,1.63568e-10,1,0.824,0.824,0.5,0
4.957424e-12,1.25437e-19,1.037791e-10,1,0.825,0.825,0.5,0
3.23311e-12,8.180689e-20,6.90403e-11,1,0.826,0.826,0.5,0
2.791051e-12,7.062153e-20,5.969152e-11,1,0.827,0.827,0.5,0
2.349018e-12,5.943684e-20,5.03433e-11,1,0.828,0.828,0.5,0
1.906985e-12,4.825215e-20,4.099508e-11,1,0.829,0.829,0.5,0
1.464952e-12,3.706746e-20,3.164686e-11,1,0.83,0.83,0.5,0
1.022919e-12,2.588278e-20,2.229863e-11,1,0.831,0.831,0.5,0
5.808602e-13,1.469742e-20,1.294986e-11,1,0.832,0.832,0.5,0
4.367491e-13,1.1051e-20,9.844064e-12,1,0.833,0.833,0.5,0
3.741137e-13,9.466144e-21,8.445457e-12,1,0.834,0.834,0.5,0
3.114784e-13,7.881292e-21,7.04685e-12,1,0.835,0.835,0.5,0
2.488394e-13,6.296346e-21,5.64816e-12,1,0.836,0.836,0.5,0
1.862041e-13,4.711494e-21,4.249554e-12,1,0.837,0.837,0.5,0
1.235688e-13,3.126642e-21,2.850947e-12,1,0.838,0.838,0.5,0
6.4929e-14,1.642889e-21,1.540796e-12,1,0.839,0.839,0.5,0
5.64242e-14,1.427693e-21,1.34056e-12,1,0.84,0.84,0.5,0
4.791889e-14,1.212485e-21,1.140312e-12,1,0.841,0.841,0.5,0
3.941409e-14,9.972889e-22,9.400756e-13,1,0.842,0.842,0.5,0
3.090929e-14,7.820932e-22,7.398395e-13,1,0.843,0.843,0.5,0
2.240449e-14,5.668975e-22,5.396033e-13,1,0.844,0.844,0.5,0
1.389919e-14,3.51689e-22,3.393552e-13,1,0.845,0.845,0.5,0
8.075794e-15,2.043406e-22,2.017492e-13,1,0.846,0.846,0.5,0
6.969275e-15,1.763425e-22,1.743162e-13,1,0.847,0.847,0.5,0
5.862756e-15,1.483444e-22,1.468832e-13,1,0.848,0.848,0.5,0
4.756238e-15,1.203464e-22,1.194502e-13,1,0.849,0.849,0.5,0
3.649653e-15,9.234662e-23,9.201561e-14,1,0.85,0.85,0.5,0
2.543134e-15,6.434854e-23,6.458261e-14,1,0.851,0.851,0.5,0
1.436615e-15,3.635047e-23,3.714961e-14,1,0.852,0.852,0.5,0
9.606486e-16,2.430715e-23,2.523422e-14,1,0.853,0.853,0.5,0
8.227191e-16,2.081714e-23,2.163778e-14,1,0.854,0.854,0.5,0
6.847814e-16,1.732692e-23,1.804112e-14,1,0.855,0.855,0.5,0
5.468518e-16,1.383691e-23,1.444468e-14,1,0.856,0.856,0.5,0
4.089223e-16,1.03469e-23,1.084824e-14,1,0.857,0.857,0.5,0
2.709928e-16,6.856889e-24,7.251799e-15,1,0.858,0.858,0.5,0
1.33055e-16,3.366671e-24,3.655143e-15,1,0.859,0.859,0.5,0
1.092516e-16,2.764376e-24,3.014104e-15,1,0.86,0.86,0.5,0
9.278143e-17,2.347635e-24,2.562966e-15,1,0.861,0.861,0.5,0
7.631127e-17,1.930893e-24,2.111829e-15,1,0.862,0.862,0.5,0
5.984111e-17,1.514151e-24,1.660692e-15,1,0.863,0.863,0.5,0
4.336997e-17,1.097384e-24,1.209528e-15,1,0.864,0.864,0.5,0
2.689981e-17,6.80642e-25,7.583905e-16,1,0.865,0.865,0.5,0
1.375811e-17,3.481195e-25,3.978428e-16,1,0.866,0.866,0.5,0
1.187445e-17,3.004575e-25,3.437014e-16,1,0.867,0.867,0.5,0
9.990794e-18,2.527956e-25,2.895601e-16,1,0.868,0.868,0.5,0
8.107022e-18,2.051308e-25,2.354156e-16,1,0.869,0.869,0.5,0
6.223363e-18,1.574688e-25,1.812743e-16,1,0.87,0.87,0.5,0
4.339703e-18,1.098069e-25,1.27133e-16,1,0.871,0.871,0.5,0
2.456043e-18,6.214489e-26,7.299164e-17,1,0.872,0.872,0.5,0
1.439155e-18,3.641471e-26,4.361578e-17,1,0.873,0.873,0.5,0
1.232865e-18,3.119501e-26,3.740046e-17,1,0.874,0.874,0.5,0
1.026576e-18,2.59753e-26,3.118514e-17,1,0.875,0.875,0.5,0
8.202866e-19,2.075559e-26,2.496982e-17,1,0.876,0.876,0.5,0
6.139972e-19,1.553588e-26,1.87545e-17,1,0.877,0.877,0.5,0
4.076956e-19,1.031586e-26,1.253882e-17,1,0.878,0.878,0.5,0
2.014062e-19,5.096151e-27,6.323498e-18,1,0.879,0.879,0.5,0
1.438387e-19,3.639529e-27,4.564272e-18,1,0.88,0.88,0.5,0
1.22211e-19,3.092287e-27,3.881896e-18,1,0.881,0.881,0.5,0
1.005821e-19,2.545013e-27,3.19948e-18,1,0.882,0.882,0.5,0
7.895441e-20,1.997772e-27,2.517104e-18,1,0.883,0.883,0.5,0
5.732675e-20,1.45053e-27,1.834728e-18,1,0.884,0.884,0.5,0
3.569908e-20,9.032885e-28,1.152353e-18,1,0.885,0.885,0.5,0
1.589924e-20,4.02296e-28,5.273494e-19,1,0.886,0.886,0.5,0
1.372905e-20,3.47384e-28,4.557141e-19,1,0.887,0.887,0.5,0
1.155899e-20,2.924753e-28,3.84083e-19,1,0.888,0.888,0.5,0
9.388925e-21,2.375666e-28,3.12452e-19,1,0.889,0.889,0.5,0
7.218864e-21,1.826578e-28,2.408209e-19,1,0.89,0.89,0.5,0
5.048803e-21,1.277491e-28,1.691898e-19,1,0.891,0.891,0.5,0
2.878612e-21,7.28371e-29,9.755446e-20,1,0.892,0.892,0.5,0
1.459042e-21,3.691791e-29,5.05771e-20,1,0.893,0.893,0.5,0
1.250728e-21,3.164699e-29,4.338974e-20,1,0.894,0.894,0.5,0
1.042415e-21,2.637607e-29,3.620238e-20,1,0.895,0.895,0.5,0
8.340894e-22,2.110484e-29,2.901459e-20,1,0.896,0.896,0.5,0
6.257762e-22,1.583392e-29,2.182723e-20,1,0.897,0.897,0.5,0
4.17463e-22,1.0563e-29,1.463987e-20,1,0.898,0.898,0.5,0
2.091498e-22,5.292085e-30,7.452513e-21,1,0.899,0.899,0.5,0
1.278063e-22,3.233863e-30,4.626305e-21,1,0.9,0.9,0.5,0
1.086812e-22,2.749943e-30,3.937169e-21,1,0.901,0.901,0.5,0
8.955718e-23,2.266052e-30,3.248073e-21,1,0.902,0.902,0.5,0
7.043319e-23,1.78216e-30,2.558978e-21,1,0.903,0.903,0.5,0
5.13092e-23,1.298269e-30,1.869882e-21,1,0.904,0.904,0.5,0
3.218521e-23,8.143776e-31,1.180786e-21,1,0.905,0.905,0.5,0
1.306009e-23,3.304574e-31,4.916495e-22,1,0.906,0.906,0.5,0
1.067958e-23,2.702237e-31,4.03348e-22,1,0.907,0.907,0.5,0
9.001269e-24,2.277578e-31,3.402432e-22,1,0.908,0.908,0.5,0
7.322963e-24,1.852918e-31,2.771383e-22,1,0.909,0.909,0.5,0
5.644557e-24,1.428234e-31,2.140297e-22,1,0.91,0.91,0.5,0
3.96625e-24,1.003574e-31,1.509248e-22,1,0.911,0.911,0.5,0
2.287944e-24,5.789149e-32,8.781998e-23,1,0.912,0.912,0.5,0
9.914372e-25,2.508619e-32,3.901485e-23,1,0.913,0.913,0.5,0
8.507064e-25,2.15253e-32,3.349753e-23,1,0.914,0.914,0.5,0
7.099673e-25,1.796419e-32,2.797988e-23,1,0.915,0.915,0.5,0
5.692365e-25,1.440331e-32,2.246255e-23,1,0.916,0.916,0.5,0
4.285058e-25,1.084242e-32,1.694523e-23,1,0.917,0.917,0.5,0
2.87775e-25,7.281528e-33,1.142791e-23,1,0.918,0.918,0.5,0
1.470359e-25,3.720426e-33,5.910256e-24,1,0.919,0.919,0.5,0
7.581757e-26,1.918401e-33,3.108221e-24,1,0.92,0.92,0.5,0
6.454809e-26,1.633251e-33,2.647898e-24,1,0.921,0.921,0.5,0
5.327861e-26,1.348101e-33,2.187575e-24,1,0.922,0.922,0.5,0
4.200914e-26,1.062951e-33,1.727252e-24,1,0.923,0.923,0.5,0
3.073899e-26,7.77784e-34,1.266901e-24,1,0.924,0.924,0.5,0
1.946951e-26,4.926342e-34,8.065781e-25,1,0.925,0.925,0.5,0
8.200037e-27,2.074843e-34,3.462551e-25,1,0.926,0.926,0.5,0
5.522495e-27,1.397349e-34,2.356914e-25,1,0.927,0.927,0.5,0
4.661175e-27,1.17941e-34,1.990622e-25,1,0.928,0.928,0.5,0
3.799804e-27,9.614587e-35,1.624307e-25,1,0.929,0.929,0.5,0
2.938484e-27,7.435203e-35,1.258015e-25,1,0.93,0.93,0.5,0
2.077165e-27,5.255818e-35,8.917228e-26,1,0.931,0.931,0.5,0
1.215845e-27,3.076434e-35,5.254306e-26,1,0.932,0.932,0.5,0
4.456047e-28,1.127507e-35,1.977485e-26,1,0.933,0.933,0.5,0
3.828139e-28,9.686283e-36,1.699667e-26,1,0.934,0.934,0.5,0
3.200232e-28,8.097498e-36,1.421849e-26,1,0.935,0.935,0.5,0
2.572324e-28,6.508714e-36,1.144031e-26,1,0.936,0.936,0.5,0
1.944417e-28,4.919929e-36,8.662127e-27,1,0.937,0.937,0.5,0
1.316472e-28,3.33105e-36,5.883781e-27,1,0.938,0.938,0.5,0
6.885648e-29,1.742265e-36,3.105601e-27,1,0.939,0.939,0.5,0
2.959381e-29,7.488078e-37,1.365335e-27,1,0.94,0.94,0.5,0
2.523071e-29,6.384088e-37,1.164624e-27,1,0.941,0.941,0.5,0
2.08676e-29,5.280098e-37,9.639135e-28,1,0.942,0.942,0.5,0
1.650424e-29,4.176042e-37,7.631908e-28,1,0.943,0.943,0.5,0
1.214113e-29,3.072052e-37,5.624801e-28,1,0.944,0.944,0.5,0
7.778024e-30,1.968062e-37,3.617694e-28,1,0.945,0.945,0.5,0
3.414918e-30,8.640716e-38,1.610587e-28,1,0.946,0.946,0.5,0
1.868192e-30,4.727058e-38,8.954812e-29,1,0.947,0.947,0.5,0
1.579433e-30,3.996416e-38,7.574621e-29,1,0.948,0.948,0.5,0
1.290674e-30,3.265773e-38,6.194431e-29,1,0.949,0.949,0.5,0
1.001915e-30,2.535131e-38,4.81424e-29,1,0.95,0.95,0.5,0
7.13156e-31,1.804488e-38,3.434049e-29,1,0.951,0.951,0.5,0
4.243798e-31,1.073802e-38,2.053777e-29,1,0.952,0.952,0.5,0
1.356208e-31,3.431592e-39,6.735859e-30,1,0.953,0.953,0.5,0
1.119886e-31,2.833631e-39,5.573612e-30,1,0.954,0.954,0.5,0
9.380182e-32,2.373453e-39,4.670968e-30,1,0.955,0.955,0.5,0
7.561504e-32,1.913276e-39,3.768325e-30,1,0.956,0.956,0.5,0
5.742717e-32,1.453071e-39,2.865627e-30,1,0.957,0.957,0.5,0
3.924039e-32,9.928937e-40,1.962983e-30,1,0.958,0.958,0.5,0
2.105361e-32,5.327164e-40,1.060339e-30,1,0.959,0.959,0.5,0
7.456509e-33,1.886709e-40,3.849417e-31,1,0.96,0.96,0.5,0
6.367351e-33,1.611121e-40,3.288439e-31,1,0.961,0.961,0.5,0
5.278258e-33,1.33555e-40,2.727495e-31,1,0.962,0.962,0.5,0
4.189164e-33,1.059978e-40,2.16655e-31,1,0.963,0.963,0.5,0
3.100071e-33,7.844064e-41,1.605606e-31,1,0.964,0.964,0.5,0
2.010978e-33,5.088348e-41,1.044661e-31,1,0.965,0.965,0.5,0
9.218202e-34,2.332468e-41,4.836833e-32,1,0.966,0.966,0.5,0
4.049096e-34,1.024537e-41,2.167849e-32,1,0.967,0.967,0.5,0
3.429602e-34,8.677872e-42,1.836923e-32,1,0.968,0.968,0.5,0
2.810109e-34,7.110376e-42,1.505997e-32,1,0.969,0.969,0.5,0
2.190578e-34,5.542787e-42,1.175051e-32,1,0.97,0.97,0.5,0
1.571084e-34,3.975291e-42,8.441246e-33,1,0.971,0.971,0.5,0
9.515907e-35,2.407796e-42,5.131984e-33,1,0.972,0.972,0.5,0
3.32097e-35,8.403e-43,1.822722e-33,1,0.973,0.973,0.5,0
2.081891e-35,5.267777e-43,1.1553e-33,1,0.974,0.974,0.5,0
1.747516e-35,4.421714e-43,9.701519e-34,1,0.975,0.975,0.5,0
1.413162e-35,3.575702e-43,7.850149e-34,1,0.976,0.976,0.5,0
1.078807e-35,2.729689e-43,5.998779e-34,1,0.977,0.977,0.5,0
7.444524e-36,1.883677e-43,4.147409e-34,1,0.978,0.978,0.5,0
4.100978e-36,1.037664e-43,2.296039e-34,1,0.979,0.979,0.5,0
1.183139e-36,2.993678e-44,6.799315e-35,1,0.98,0.98,0.5,0
1.012109e-36,2.560925e-44,5.818227e-35,1,0.981,0.981,0.5,0
8.410796e-37,2.128171e-44,4.83714e-35,1,0.982,0.982,0.5,0
6.700499e-37,1.695417e-44,3.856052e-35,1,0.983,0.983,0.5,0
4.990101e-37,1.262638e-44,2.874906e-35,1,0.984,0.984,0.5,0
3.279804e-37,8.298839e-45,1.893818e-35,1,0.985,0.985,0.5,0
1.569508e-37,3.971302e-45,9.127302e-36,1,0.986,0.986,0.5,0
5.472643e-38,1.384735e-45,3.25619e-36,1,0.987,0.987,0.5,0
4.642913e-38,1.174789e-45,2.763302e-36,1,0.988,0.988,0.5,0
3.813134e-38,9.648315e-46,2.270385e-36,1,0.989,0.989,0.5,0
2.983404e-38,7.548861e-46,1.777497e-36,1,0.99,0.99,0.5,0
2.153674e-38,5.449408e-46,1.284609e-36,1,0.991,0.991,0.5,0
1.323944e-38,3.349955e-46,7.917208e-37,1,0.992,0.992,0.5,0
4.942136e-39,1.250501e-46,2.988328e-37,1,0.993,0.993,0.5,0
2.277316e-39,5.762258e-47,1.399765e-37,1,0.994,0.994,0.5,0
1.897767e-39,4.801891e-47,1.166473e-37,1,0.995,0.995,0.5,0
1.518218e-39,3.841525e-47,9.331815e-38,1,0.996,0.996,0.5,0
1.138669e-39,2.881158e-47,6.998896e-38,1,0.997,0.997,0.5,0
7.590978e-40,1.920734e-47,4.665838e-38,1,0.998,0.998,0.5,0
3.795489e-40,9.603668e-48,2.332919e-38,1,0.999,0.999,0.5,0
-4.185612e-53,-1.059079e-60,-2.572711e-51,1,1,1,0.5,0
